filename,category,source,source_url,license,published_date,has_people,downloaded_at
animal-6756619.jpg,animals,pixabay,,pixabay-content,,false,2026-09-16
animal-6756751.jpg,animals,pixabay,,pixabay-content,,false,2026-09-16
domestic-goat-207309.jpg,animals,pixabay,,pixabay-content,,false,2026-09-16
goat-2175189.jpg,animals,pixabay,,pixabay-content,,false,2026-09-16
goat-3613728.jpg,animals,pixabay,,pixabay-content,,false,2026-09-16
goat-5934811.jpg,animals,pixabay,,pixabay-content,,false,2026-09-16
goat-7609397.jpg,animals,pixabay,,pixabay-content,,false,2026-09-16
goat-7662340.jpg,animals,pixabay,,pixabay-content,,false,2026-09-16
goats-2052731.jpg,animals,pixabay,,pixabay-content,,false,2026-09-16
goats-2719445.jpg,animals,pixabay,,pixabay-content,,false,2026-09-16
black-hat-7186563.jpg,parts,pixabay,,pixabay-content,,false,2026-09-16
black-hat-7186564.jpg,parts,pixabay,,pixabay-content,,false,2026-09-16
black-hat-7186565.jpg,parts,pixabay,,pixabay-content,,false,2026-09-16
girl-3824359.jpg,parts,pixabay,,pixabay-content,,true,2026-09-16
girl-3824360.jpg,parts,pixabay,,pixabay-content,,true,2026-09-16
model-4971369.jpg,parts,pixabay,,pixabay-content,,true,2026-09-16
mushroom-4662970.jpg,parts,pixabay,,pixabay-content,,false,2026-09-16
portrait-4899868.jpg,parts,pixabay,,pixabay-content,,true,2026-09-16
woman-10338550.jpg,parts,pixabay,,pixabay-content,,true,2026-09-16
woman-10452878.jpg,parts,pixabay,,pixabay-content,,true,2026-09-16
woman-7374997.jpg,parts,pixabay,,pixabay-content,,true,2026-09-16
hotel-2716635.jpg,backgrounds,pixabay,,pixabay-content,,false,2026-09-16
hotel-389256.jpg,backgrounds,pixabay,,pixabay-content,,false,2026-09-16
hotel-7374082.jpg,backgrounds,pixabay,,pixabay-content,,false,2026-09-16
hotel-monte-carlo-6636291.jpg,backgrounds,pixabay,,pixabay-content,,false,2026-09-16
lobby-2600880.jpg,backgrounds,pixabay,,pixabay-content,,false,2026-09-16
lobby-7068831.jpg,backgrounds,pixabay,,pixabay-content,,false,2026-09-16
reception-186102.jpg,backgrounds,pixabay,,pixabay-content,,false,2026-09-16
receptionists-5975962.jpg,backgrounds,pixabay,,pixabay-content,,false,2026-09-16
sofa-7337709.jpg,backgrounds,pixabay,,pixabay-content,,false,2026-09-16
campfire-8081877.jpg,nature,pixabay,,pixabay-content,,false,2026-09-16
candles-8889188.jpg,nature,pixabay,,pixabay-content,,false,2026-09-16
chemistry-7925484.jpg,nature,pixabay,,pixabay-content,,false,2026-09-16
fire-123784.jpg,nature,pixabay,,pixabay-content,,false,2026-09-16
fire-165575.jpg,nature,pixabay,,pixabay-content,,false,2026-09-16
fire-1680609.jpg,nature,pixabay,,pixabay-content,,false,2026-09-16
fire-298115.jpg,nature,pixabay,,pixabay-content,,false,2026-09-16
fire-6007111.jpg,nature,pixabay,,pixabay-content,,false,2026-09-16
fire-6899543.jpg,nature,pixabay,,pixabay-content,,false,2026-09-16
fire-7332965.jpg,nature,pixabay,,pixabay-content,,false,2026-09-16
fire-8032745.jpg,nature,pixabay,,pixabay-content,,false,2026-09-16
fire-8220061.jpg,nature,pixabay,,pixabay-content,,false,2026-09-16
firefighters-4573674.jpg,nature,pixabay,,pixabay-content,,false,2026-09-16
firetruck-6820125.jpg,nature,pixabay,,pixabay-content,,false,2026-09-16
flames-1486648.jpg,nature,pixabay,,pixabay-content,,false,2026-09-16
grill-8225405.jpg,nature,pixabay,,pixabay-content,,false,2026-09-16
the-ugly-swamp-433688.jpg,nature,pixabay,,pixabay-content,,false,2026-09-16
vehicle-2725880.jpg,nature,pixabay,,pixabay-content,,false,2026-09-16
goat-1438254.jpg,animals,pixabay,https://pixabay.com/photos/goat-animal-horns-mammal-kid-1438254/,pixabay-content,,true,2026-09-17
goat-1461917.jpg,animals,pixabay,https://pixabay.com/photos/goat-kid-animal-head-young-animal-1461917/,pixabay-content,,true,2026-09-17
goat-1596880.jpg,animals,pixabay,https://pixabay.com/photos/goat-grass-livestock-grazing-1596880/,pixabay-content,,true,2026-09-17
goat-50290.jpg,animals,pixabay,https://pixabay.com/photos/goat-animal-livestock-mammal-50290/,pixabay-content,,true,2026-09-17
goat-9998387.jpg,animals,pixabay,https://pixabay.com/photos/goat-nature-mountain-9998387/,pixabay-content,,false,2026-09-17
goat-5535783.jpg,animals,pixabay,https://pixabay.com/photos/goat-animal-mammal-domestic-goat-5535783/,pixabay-content,,false,2026-09-17
goat-4822742.jpg,animals,pixabay,https://pixabay.com/photos/goat-baby-goat-kid-ibex-horn-4822742/,pixabay-content,,true,2026-09-17
goat-3180258.jpg,animals,pixabay,https://pixabay.com/photos/goat-billy-goat-animal-nature-3180258/,pixabay-content,,true,2026-09-17
goat-4699782.jpg,animals,pixabay,https://pixabay.com/photos/goat-head-billy-goat-horns-4699782/,pixabay-content,,true,2026-09-17
llama-6517467.jpg,animals,pixabay,https://pixabay.com/photos/llama-animal-head-mammal-wildlife-6517467/,pixabay-content,,false,2026-09-17
llama-5841826.jpg,animals,pixabay,https://pixabay.com/photos/llama-animal-head-brown-llama-head-5841826/,pixabay-content,,true,2026-09-17
llama-6502582.jpg,animals,pixabay,https://pixabay.com/photos/llama-animal-head-llama-head-6502582/,pixabay-content,,false,2026-09-17
llama-5837181.jpg,animals,pixabay,https://pixabay.com/photos/llama-animal-head-lama-glama-5837181/,pixabay-content,,true,2026-09-17
llama-6782139.jpg,animals,pixabay,https://pixabay.com/photos/llama-alpaca-animal-mammal-6782139/,pixabay-content,,false,2026-09-17
llama-6502588.jpg,animals,pixabay,https://pixabay.com/photos/llama-animal-head-llama-head-6502588/,pixabay-content,,false,2026-09-17
llama-6516737.jpg,animals,pixabay,https://pixabay.com/photos/llama-animal-head-mammal-wildlife-6516737/,pixabay-content,,false,2026-09-17
llama-6828731.jpg,animals,pixabay,https://pixabay.com/photos/llama-alpaca-animal-mammal-6828731/,pixabay-content,,false,2026-09-17
alpaca-7313977.jpg,animals,pixabay,https://pixabay.com/photos/alpaca-lama-llama-animal-nature-7313977/,pixabay-content,,false,2026-09-17
pug-2454270.jpg,animals,pixabay,https://pixabay.com/photos/pug-the-pug-myfirstpug-com-2454270/,pixabay-content,,false,2026-09-17
pug-4314106.jpg,animals,pixabay,https://pixabay.com/photos/pug-dog-pet-canine-animal-fur-4314106/,pixabay-content,,true,2026-09-17
pug-8632718.jpg,animals,pixabay,https://pixabay.com/photos/pug-dog-sunglasses-pink-glasses-8632718/,pixabay-content,,false,2026-09-17
pug-2035675.jpg,animals,pixabay,https://pixabay.com/photos/pug-meadow-dog-2035675/,pixabay-content,,false,2026-09-17
the-pug-2454563.jpg,animals,pixabay,https://pixabay.com/photos/the-pug-pug-myfirstpug-2454563/,pixabay-content,,false,2026-09-17
pug-1834721.jpg,animals,pixabay,https://pixabay.com/photos/pug-dog-animal-leash-pet-canine-1834721/,pixabay-content,,true,2026-09-17
pug-7394752.jpg,animals,pixabay,https://pixabay.com/photos/pug-dog-animal-domestic-black-pug-7394752/,pixabay-content,,false,2026-09-17
pug-2505762.jpg,animals,pixabay,https://pixabay.com/photos/pug-portrait-dog-2505762/,pixabay-content,,true,2026-09-17
pug-5372083.jpg,animals,pixabay,https://pixabay.com/photos/pug-mops-dog-5372083/,pixabay-content,,false,2026-09-17
pug-600907.jpg,animals,pixabay,https://pixabay.com/photos/pug-sadness-snow-600907/,pixabay-content,,false,2026-09-17
eggs-2524267.jpg,animals,pixabay,https://pixabay.com/photos/eggs-chicken-eggs-white-hens-egg-2524267/,pixabay-content,,false,2026-09-17
bowl-5466249.jpg,animals,pixabay,https://pixabay.com/photos/bowl-chicken-crunchy-brown-5466249/,pixabay-content,,false,2026-09-17
hen-2819848.jpg,animals,pixabay,https://pixabay.com/photos/hen-farmyard-farm-bird-nature-2819848/,pixabay-content,,false,2026-09-17
egg-2487886.jpg,animals,pixabay,https://pixabay.com/photos/egg-chicken-huevero-metal-brown-2487886/,pixabay-content,,false,2026-09-17
egg-14534.jpg,animals,pixabay,https://pixabay.com/photos/egg-isolated-chicken-egg-white-14534/,pixabay-content,,false,2026-09-17
adorable-15904.jpg,animals,pixabay,https://pixabay.com/photos/adorable-animal-baby-bird-chick-15904/,pixabay-content,,false,2026-09-17
adorable-15949.jpg,animals,pixabay,https://pixabay.com/photos/adorable-animal-baby-bird-chick-15949/,pixabay-content,,false,2026-09-17
eggs-2747445.jpg,animals,pixabay,https://pixabay.com/photos/eggs-serving-bowl-porcelain-2747445/,pixabay-content,,false,2026-09-17
desktop-3265565.jpg,animals,pixabay,https://pixabay.com/photos/desktop-isolated-closeup-equipment-3265565/,pixabay-content,,true,2026-09-17
eggs-1016861.jpg,animals,pixabay,https://pixabay.com/photos/eggs-fried-hard-chicken-chook-1016861/,pixabay-content,,false,2026-09-17
frog-8240705.jpg,animals,pixabay,https://pixabay.com/photos/frog-amphibian-animal-eyes-branch-8240705/,pixabay-content,,false,2026-09-17
frog-1530803.jpg,animals,pixabay,https://pixabay.com/photos/frog-green-green-frog-pond-water-1530803/,pixabay-content,,true,2026-09-17
frog-8310960.jpg,animals,pixabay,https://pixabay.com/photos/frog-amphibian-flower-plant-animal-8310960/,pixabay-content,,false,2026-09-17
frog-5437468.jpg,animals,pixabay,https://pixabay.com/photos/frog-toad-amphibian-tree-frog-5437468/,pixabay-content,,false,2026-09-17
tree-frog-9831777.jpg,animals,pixabay,https://pixabay.com/photos/tree-frog-frog-green-frog-9831777/,pixabay-content,,false,2026-09-17
frog-1151694.jpg,animals,pixabay,https://pixabay.com/photos/frog-toad-animal-eye-amphibian-1151694/,pixabay-content,,false,2026-09-17
frogs-1367440.jpg,animals,pixabay,https://pixabay.com/photos/frogs-water-frogs-animals-1367440/,pixabay-content,,false,2026-09-17
tree-frog-8000809.jpg,animals,pixabay,https://pixabay.com/photos/tree-frog-frog-amphibian-animal-8000809/,pixabay-content,,false,2026-09-17
tomato-frog-208591.jpg,animals,pixabay,https://pixabay.com/photos/tomato-frog-amphibian-animal-anura-208591/,pixabay-content,,false,2026-09-17
golden-frog-8320240.jpg,animals,pixabay,https://pixabay.com/photos/golden-frog-frog-amphibian-animal-8320240/,pixabay-content,,false,2026-09-17
dove-2755928.jpg,animals,pixabay,https://pixabay.com/photos/dove-white-isolated-flight-bird-2755928/,pixabay-content,,false,2026-09-17
city-pigeon-2663432.jpg,animals,pixabay,https://pixabay.com/photos/city-pigeon-foraging-dove-bird-2663432/,pixabay-content,,false,2026-09-17
bird-3356459.jpg,animals,pixabay,https://pixabay.com/photos/bird-pigeon-blossom-nature-spring-3356459/,pixabay-content,,false,2026-09-17
turkey-pigeon-2637056.jpg,animals,pixabay,https://pixabay.com/photos/turkey-pigeon-bird-plumage-dove-2637056/,pixabay-content,,false,2026-09-17
dove-2909941.jpg,animals,pixabay,https://pixabay.com/photos/dove-carrier-pigeon-animal-bird-2909941/,pixabay-content,,false,2026-09-17
turkey-pigeon-2636983.jpg,animals,pixabay,https://pixabay.com/photos/turkey-pigeon-bird-plumage-dove-2636983/,pixabay-content,,false,2026-09-17
birds-2646874.jpg,animals,pixabay,https://pixabay.com/photos/birds-isolated-background-2646874/,pixabay-content,,false,2026-09-17
white-19387.jpg,animals,pixabay,https://pixabay.com/photos/white-pigeon-birds-doves-walking-19387/,pixabay-content,,false,2026-09-17
pigeon-316247.jpg,animals,pixabay,https://pixabay.com/photos/pigeon-birds-blue-grey-gray-316247/,pixabay-content,,false,2026-09-17
dove-4083730.jpg,animals,pixabay,https://pixabay.com/photos/dove-white-isolated-vector-bird-4083730/,pixabay-content,,false,2026-09-17
ice-cream-cone-3520885.jpg,props,pixabay,https://pixabay.com/photos/ice-cream-cone-ice-cream-van-3520885/,pixabay-content,,false,2026-09-17
baukegel-2694485.jpg,props,pixabay,https://pixabay.com/photos/baukegel-sign-cone-pilone-2694485/,pixabay-content,,false,2026-09-17
baukegel-2694486.jpg,props,pixabay,https://pixabay.com/photos/baukegel-sign-cone-pilone-2694486/,pixabay-content,,false,2026-09-17
antique-car-2208636.jpg,props,pixabay,https://pixabay.com/photos/antique-car-automobile-traffic-2208636/,pixabay-content,,false,2026-09-17
cone-164333.jpg,props,pixabay,https://pixabay.com/photos/cone-traffic-construction-flow-164333/,pixabay-content,,false,2026-09-17
pylon-2915449.jpg,props,pixabay,https://pixabay.com/photos/pylon-traffic-cone-barrier-2915449/,pixabay-content,,false,2026-09-17
pine-cone-8454689.jpg,props,pixabay,https://pixabay.com/photos/pine-cone-coniferous-pine-tree-8454689/,pixabay-content,,false,2026-09-17
traffic-cone-8283718.jpg,props,pixabay,https://pixabay.com/photos/traffic-cone-barrier-road-work-8283718/,pixabay-content,,false,2026-09-17
pine-8393456.jpg,props,pixabay,https://pixabay.com/photos/pine-pine-cone-winter-christmas-8393456/,pixabay-content,,false,2026-09-17
banana-1351309.jpg,props,pixabay,https://pixabay.com/photos/banana-yellow-food-healthy-meal-1351309/,pixabay-content,,false,2026-09-17
meal-3654444.jpg,props,pixabay,https://pixabay.com/photos/meal-food-fruit-healthy-vegetarian-3654444/,pixabay-content,,false,2026-09-17
fruit-2489413.jpg,props,pixabay,https://pixabay.com/photos/fruit-citrus-berries-banana-2489413/,pixabay-content,,false,2026-09-17
banana-316561.jpg,props,pixabay,https://pixabay.com/photos/banana-slice-white-cut-close-up-316561/,pixabay-content,,false,2026-09-17
minion-2687629.jpg,props,pixabay,https://pixabay.com/photos/minion-fun-figure-cute-banana-toy-2687629/,pixabay-content,,true,2026-09-17
banana-3188325.jpg,props,pixabay,https://pixabay.com/photos/banana-fruit-food-health-healthy-3188325/,pixabay-content,,false,2026-09-17
banana-2828542.jpg,props,pixabay,https://pixabay.com/photos/banana-fruit-manipulation-studio-2828542/,pixabay-content,,false,2026-09-17
food-5610596.jpg,props,pixabay,https://pixabay.com/photos/food-banana-yellow-peel-5610596/,pixabay-content,,false,2026-09-17
banana-10205689.jpg,props,pixabay,https://pixabay.com/photos/banana-fruit-yellow-natural-fresh-10205689/,pixabay-content,,false,2026-09-17
yellow-4307468.jpg,props,pixabay,https://pixabay.com/photos/yellow-food-fresh-fruit-banana-4307468/,pixabay-content,,false,2026-09-17
plumber-2523231.jpg,props,pixabay,https://pixabay.com/photos/plumber-p%C3%B6mpel-figure-sanitary-2523231/,pixabay-content,,false,2026-09-17
mojave-desert-5108.jpg,props,pixabay,https://pixabay.com/photos/mojave-desert-outhouse-dilapidated-5108/,pixabay-content,,false,2026-09-17
toilet-roll-220415.jpg,props,pixabay,https://pixabay.com/photos/toilet-roll-toilet-rolls-220415/,pixabay-content,,false,2026-09-17
plus-the-toilet-3681697.jpg,props,pixabay,https://pixabay.com/photos/plus-the-toilet-trees-landscape-3681697/,pixabay-content,,false,2026-09-17
toilet-paper-4958068.jpg,props,pixabay,https://pixabay.com/photos/toilet-paper-background-sold-out-4958068/,pixabay-content,,false,2026-09-17
alcatraz-1010029.jpg,props,pixabay,https://pixabay.com/photos/alcatraz-alcatraz-prison-1010029/,pixabay-content,,false,2026-09-17
toilet-paper-4969839.jpg,props,pixabay,https://pixabay.com/photos/toilet-paper-wc-toilet-bathroom-4969839/,pixabay-content,,false,2026-09-17
toilet-1542514.jpg,props,pixabay,https://pixabay.com/photos/toilet-loo-wc-public-toilet-1542514/,pixabay-content,,true,2026-09-17
water-drop-4531474.jpg,props,pixabay,https://pixabay.com/photos/water-drop-toilet-nature-gout-4531474/,pixabay-content,,false,2026-09-17
toilets-265278.jpg,props,pixabay,https://pixabay.com/photos/toilets-toilet-purely-public-toilet-265278/,pixabay-content,,false,2026-09-17
meal-2610768.jpg,props,pixabay,https://pixabay.com/photos/meal-cakes-strawberrycake-2610768/,pixabay-content,,false,2026-09-17
food-2940362.jpg,props,pixabay,https://pixabay.com/photos/food-drinks-berry-birthday-cafe-2940362/,pixabay-content,,false,2026-09-17
cake-4085947.jpg,props,pixabay,https://pixabay.com/photos/cake-birthday-white-celebration-4085947/,pixabay-content,,false,2026-09-17
torte-2243.jpg,props,pixabay,https://pixabay.com/photos/torte-anniversary-birthday-cake-2243/,pixabay-content,,false,2026-09-17
cake-5084388.jpg,props,pixabay,https://pixabay.com/photos/cake-sweet-party-birthday-bakery-5084388/,pixabay-content,,false,2026-09-17
iris-5084395.jpg,props,pixabay,https://pixabay.com/photos/iris-sugar-candy-cake-sweet-party-5084395/,pixabay-content,,false,2026-09-17
meal-3887728.jpg,props,pixabay,https://pixabay.com/photos/meal-food-cakes-nut-cake-3887728/,pixabay-content,,false,2026-09-17
birthday-cake-3526012.jpg,props,pixabay,https://pixabay.com/photos/birthday-cake-pieces-of-cake-3526012/,pixabay-content,,false,2026-09-17
cake-4085948.jpg,props,pixabay,https://pixabay.com/photos/cake-birthday-white-celebration-4085948/,pixabay-content,,false,2026-09-17
meal-3269402.jpg,props,pixabay,https://pixabay.com/photos/meal-food-cakes-isolated-3269402/,pixabay-content,,false,2026-09-17
cactus-1842095.jpg,props,pixabay,https://pixabay.com/photos/cactus-minimalism-plant-pot-white-1842095/,pixabay-content,,false,2026-09-17
cactus-stem-231253.jpg,props,pixabay,https://pixabay.com/photos/cactus-stem-cactus-thorns-spur-231253/,pixabay-content,,false,2026-09-17
cactus-3303901.jpg,props,pixabay,https://pixabay.com/photos/cactus-free-tied-window-views-3303901/,pixabay-content,,false,2026-09-17
desert-9442958.jpg,props,pixabay,https://pixabay.com/photos/desert-dunes-road-nature-namibia-9442958/,pixabay-content,,false,2026-09-17
nature-3305656.jpg,props,pixabay,https://pixabay.com/photos/nature-isolated-leaf-food-plant-3305656/,pixabay-content,,false,2026-09-17
cactus-3075858.jpg,props,pixabay,https://pixabay.com/photos/cactus-isolated-mexico-plant-green-3075858/,pixabay-content,,false,2026-09-17
cactus-flower-3156278.jpg,props,pixabay,https://pixabay.com/photos/cactus-flower-szlumbergera-3156278/,pixabay-content,,false,2026-09-17
cactus-2561697.jpg,props,pixabay,https://pixabay.com/photos/cactus-plant-thorn-green-2561697/,pixabay-content,,false,2026-09-17
cactus-5379278.jpg,props,pixabay,https://pixabay.com/photos/cactus-plant-green-desert-nature-5379278/,pixabay-content,,false,2026-09-17
fruit-2477516.jpg,props,pixabay,https://pixabay.com/photos/fruit-dragon-white-isolated-2477516/,pixabay-content,,false,2026-09-17
guitar-player-2882289.jpg,props,pixabay,https://pixabay.com/photos/guitar-player-guitar-instrument-2882289/,pixabay-content,,true,2026-09-17
acoustic-4900731.jpg,props,pixabay,https://pixabay.com/photos/acoustic-bass-classical-concert-4900731/,pixabay-content,,false,2026-09-17
guitar-4308581.jpg,props,pixabay,https://pixabay.com/photos/guitar-female-woman-girl-model-4308581/,pixabay-content,,true,2026-09-17
guitar-player-2882291.jpg,props,pixabay,https://pixabay.com/photos/guitar-player-guitar-instrument-2882291/,pixabay-content,,true,2026-09-17
guitar-823615.jpg,props,pixabay,https://pixabay.com/photos/guitar-music-instrument-isolated-823615/,pixabay-content,,false,2026-09-17
guitar-2635044.jpg,props,pixabay,https://pixabay.com/photos/guitar-fire-music-flame-instrument-2635044/,pixabay-content,,false,2026-09-17
guitar-316394.jpg,props,pixabay,https://pixabay.com/photos/guitar-jazz-music-musical-neck-316394/,pixabay-content,,false,2026-09-17
cute-20577.jpg,props,pixabay,https://pixabay.com/photos/cute-female-girl-guitar-guitarist-20577/,pixabay-content,,true,2026-09-17
isolated-1190889.jpg,props,pixabay,https://pixabay.com/photos/isolated-musician-instrument-man-1190889/,pixabay-content,,true,2026-09-17
guitar-3099699.jpg,props,pixabay,https://pixabay.com/photos/guitar-instrument-sound-wood-3099699/,pixabay-content,,false,2026-09-17
christmas-2322266.jpg,parts,pixabay,https://pixabay.com/photos/christmas-snowman-tree-cold-hat-2322266/,pixabay-content,,true,2026-09-17
picnic-10410610.jpg,parts,pixabay,https://pixabay.com/photos/picnic-apples-grapes-flowers-hat-10410610/,pixabay-content,,true,2026-09-17
cup-3616873.jpg,parts,pixabay,https://pixabay.com/photos/cup-coffee-cup-coffee-bean-flat-lay-3616873/,pixabay-content,,false,2026-09-17
fruit-8379081.jpg,parts,pixabay,https://pixabay.com/photos/fruit-food-fresh-nutrition-healthy-8379081/,pixabay-content,,false,2026-09-17
cap-2268995.jpg,parts,pixabay,https://pixabay.com/photos/cap-straw-hat-headgear-2268995/,pixabay-content,,false,2026-09-17
fashion-1710066.jpg,parts,pixabay,https://pixabay.com/photos/fashion-cap-hat-stand-isolated-1710066/,pixabay-content,,false,2026-09-17
cap-2268994.jpg,parts,pixabay,https://pixabay.com/photos/cap-straw-hat-headgear-2268994/,pixabay-content,,false,2026-09-17
cap-7278216.jpg,parts,pixabay,https://pixabay.com/photos/cap-straw-hat-summer-grain-spike-7278216/,pixabay-content,,false,2026-09-17
cap-2738831.jpg,parts,pixabay,https://pixabay.com/photos/cap-clothing-headgear-cowboy-hat-2738831/,pixabay-content,,false,2026-09-17
woman-8759199.jpg,parts,pixabay,https://pixabay.com/photos/woman-young-girl-blond-isolated-8759199/,pixabay-content,,true,2026-09-17
cute-19004.jpg,parts,pixabay,https://pixabay.com/photos/cute-fashion-female-girl-surprised-19004/,pixabay-content,,true,2026-09-17
sunglasses-789897.jpg,parts,pixabay,https://pixabay.com/photos/sunglasses-fashion-eyewear-modern-789897/,pixabay-content,,false,2026-09-17
coat-1846187.jpg,parts,pixabay,https://pixabay.com/photos/coat-fashion-man-model-person-1846187/,pixabay-content,,true,2026-09-17
cute-18716.jpg,parts,pixabay,https://pixabay.com/photos/cute-happy-female-girl-hands-18716/,pixabay-content,,true,2026-09-17
ray-ban-sunglasses-3688030.jpg,parts,pixabay,https://pixabay.com/photos/ray-ban-sunglasses-glasses-3688030/,pixabay-content,,false,2026-09-17
cute-19014.jpg,parts,pixabay,https://pixabay.com/photos/cute-fashion-female-girl-happy-19014/,pixabay-content,,true,2026-09-17
sunflower-5752468.jpg,parts,pixabay,https://pixabay.com/photos/sunflower-sunglasses-sky-reflection-5752468/,pixabay-content,,false,2026-09-17
summer-922539.jpg,parts,pixabay,https://pixabay.com/photos/summer-bikini-hat-sun-hat-922539/,pixabay-content,,false,2026-09-17
cute-18815.jpg,parts,pixabay,https://pixabay.com/photos/cute-fashion-female-girl-looking-18815/,pixabay-content,,true,2026-09-17
christmas-1927861.jpg,parts,pixabay,https://pixabay.com/photos/christmas-isolated-celebration-1927861/,pixabay-content,,false,2026-09-17
bust-of-karl-3051334.jpg,parts,pixabay,https://pixabay.com/photos/bust-of-karl-sculpture-golden-3051334/,pixabay-content,,false,2026-09-17
guardian-angel-2801008.jpg,parts,pixabay,https://pixabay.com/photos/guardian-angel-piggy-figure-crown-2801008/,pixabay-content,,false,2026-09-17
royal-crown-4144033.jpg,parts,pixabay,https://pixabay.com/photos/royal-crown-red-green-royal-crown-4144033/,pixabay-content,,false,2026-09-17
water-splash-6580409.jpg,parts,pixabay,https://pixabay.com/photos/water-splash-crown-diamonds-water-6580409/,pixabay-content,,false,2026-09-17
frog-2544560.jpg,parts,pixabay,https://pixabay.com/photos/frog-frog-prince-crown-figure-cute-2544560/,pixabay-content,,false,2026-09-17
eggs-4991795.jpg,parts,pixabay,https://pixabay.com/photos/eggs-easter-insulation-virus-4991795/,pixabay-content,,false,2026-09-17
cluster-3242873.jpg,parts,pixabay,https://pixabay.com/photos/cluster-photoshop-for-photoshop-3242873/,pixabay-content,,false,2026-09-17
crown-2793364.jpg,parts,pixabay,https://pixabay.com/photos/crown-wrought-iron-forged-fence-2793364/,pixabay-content,,false,2026-09-17
doctor-mask-5188245.jpg,parts,pixabay,https://pixabay.com/photos/doctor-mask-virus-safe-woman-5188245/,pixabay-content,,true,2026-09-17
boots-314411.jpg,parts,pixabay,https://pixabay.com/photos/boots-wellington-mud-rubber-dirt-314411/,pixabay-content,,false,2026-09-17
child-2408679.jpg,parts,pixabay,https://pixabay.com/photos/child-rubber-boots-yellow-outdoors-2408679/,pixabay-content,,true,2026-09-17
nature-1281656.jpg,parts,pixabay,https://pixabay.com/photos/nature-outside-hiking-path-1281656/,pixabay-content,,false,2026-09-17
rain-791893.jpg,parts,pixabay,https://pixabay.com/photos/rain-boots-umbrella-wet-791893/,pixabay-content,,false,2026-09-17
children-2248951.jpg,parts,pixabay,https://pixabay.com/photos/children-water-rubber-boots-2248951/,pixabay-content,,true,2026-09-17
rubber-boot-888589.jpg,parts,pixabay,https://pixabay.com/photos/rubber-boot-fillet-food-meat-888589/,pixabay-content,,false,2026-09-17
women-rubber-boots-7587365.jpg,parts,pixabay,https://pixabay.com/photos/women-rubber-boots-rain-boots-7587365/,pixabay-content,,true,2026-09-17
rhine-3419222.jpg,parts,pixabay,https://pixabay.com/photos/rhine-boat-water-pedal-boat-3419222/,pixabay-content,,false,2026-09-17
rubber-duck-1401225.jpg,parts,pixabay,https://pixabay.com/photos/rubber-duck-bath-duck-toy-costume-1401225/,pixabay-content,,false,2026-09-17
kindergarten-981518.jpg,parts,pixabay,https://pixabay.com/photos/kindergarten-welcome-friendly-981518/,pixabay-content,,false,2026-09-17
entrance-hall-186099.jpg,backgrounds,pixabay,https://pixabay.com/photos/entrance-hall-hall-entrance-hotel-186099/,pixabay-content,,false,2026-09-17
chairs-2181960.jpg,backgrounds,pixabay,https://pixabay.com/photos/chairs-table-contemporary-furniture-2181960/,pixabay-content,,false,2026-09-17
chairs-2181916.jpg,backgrounds,pixabay,https://pixabay.com/photos/chairs-empty-office-room-table-2181916/,pixabay-content,,false,2026-09-17
desk-593327.jpg,backgrounds,pixabay,https://pixabay.com/photos/desk-laptop-notebook-pen-workspace-593327/,pixabay-content,,false,2026-09-17
computer-2565478.jpg,backgrounds,pixabay,https://pixabay.com/photos/computer-keyboard-apple-electronics-2565478/,pixabay-content,,false,2026-09-17
office-932926.jpg,backgrounds,pixabay,https://pixabay.com/photos/office-work-desk-computer-932926/,pixabay-content,,false,2026-09-17
desk-1284085.jpg,backgrounds,pixabay,https://pixabay.com/photos/desk-laptop-office-notebook-mac-1284085/,pixabay-content,,false,2026-09-17
study-789631.jpg,backgrounds,pixabay,https://pixabay.com/photos/study-workroom-office-glimpse-789631/,pixabay-content,,false,2026-09-17
iphone-791450.jpg,backgrounds,pixabay,https://pixabay.com/photos/iphone-iphone-6-iphone-6-plus-apple-791450/,pixabay-content,,false,2026-09-17
apple-2568755.jpg,backgrounds,pixabay,https://pixabay.com/photos/apple-computer-browser-business-2568755/,pixabay-content,,false,2026-09-17
computer-767781.jpg,backgrounds,pixabay,https://pixabay.com/photos/computer-macbook-tablet-editing-767781/,pixabay-content,,false,2026-09-17
